id,adoption_0,adoption_1,adoption_2,adoption_3,adoption_4,adoption_5,adoption_6,adoption_7,adoption_8,adoption_9,adoption_10,adoption_11,adoption_12,adoption_13,adoption_14,adoption_15,adoption_16,adoption_17,adoption_18,adoption_19,adoption_20,adoption_21,adoption_22,adoption_23,adoption_24,adoption_25,adoption_26,adoption_27,adoption_28,adoption_29,adoption_30,adoption_31,adoption_32,adoption_33,adoption_34,adoption_35,adoption_36,adoption_37,adoption_38,adoption_39,adoption_40,adoption_41,adoption_42,adoption_43,adoption_44,adoption_45,adoption_46,adoption_47,adoption_48,adoption_49,adoption_50,adoption_51,adoption_52,adoption_53,adoption_54,adoption_55,adoption_56,adoption_57,adoption_58,adoption_59,adoption_60,adoption_61,adoption_62,adoption_63,adoption_64,adoption_65,adoption_66,adoption_67,adoption_68,adoption_69,adoption_70,adoption_71,adoption_72,adoption_73,adoption_74,adoption_75,adoption_76,adoption_77,adoption_78,adoption_79,adoption_80,adoption_81,adoption_82,adoption_83,adoption_84,adoption_85,adoption_86,adoption_87,adoption_88,adoption_89,adoption_90,adoption_91,adoption_92,adoption_93,adoption_94,adoption_95,adoption_96,adoption_97,adoption_98,adoption_99
200,0.0,0.07,0.2,0.37,0.47,0.54,0.56,0.57,0.58,0.58,0.58,0.58,0.59,0.59,0.59,0.59,0.59,0.59,0.59,0.59,0.59,0.6,0.61,0.61,0.61,0.61,0.61,0.61,0.61,0.62,0.62,0.62,0.62,0.62,0.62,0.62,0.63,0.63,0.63,0.63,0.64,0.64,0.64,0.64,0.64,0.64,0.64,0.64,0.64,0.64,0.64,0.64,0.64,0.64,0.64,0.64,0.64,0.64,0.64,0.65,0.65,0.65,0.65,0.65,0.65,0.65,0.65,0.65,0.65,0.65,0.65,0.65,0.65,0.66,0.66,0.66,0.66,0.66,0.66,0.66,0.66,0.66,0.66,0.66,0.66,0.66,0.66,0.66,0.66,0.66,0.66,0.66,0.66,0.66,0.66,0.66,0.66,0.66,0.66,0.66
201,0.0,0.08,0.19,0.28,0.38,0.44,0.46,0.49,0.5,0.5,0.56,0.56,0.56,0.58,0.58,0.58,0.58,0.58,0.58,0.58,0.58,0.59,0.59,0.61,0.61,0.61,0.61,0.61,0.61,0.61,0.61,0.61,0.61,0.62,0.62,0.62,0.62,0.62,0.63,0.63,0.64,0.64,0.64,0.64,0.65,0.65,0.65,0.65,0.67,0.67,0.68,0.68,0.68,0.68,0.68,0.68,0.69,0.69,0.69,0.69,0.69,0.69,0.69,0.69,0.69,0.69,0.69,0.69,0.69,0.69,0.69,0.69,0.69,0.69,0.69,0.69,0.69,0.69,0.69,0.69,0.69,0.7,0.7,0.7,0.7,0.7,0.7,0.7,0.7,0.7,0.7,0.7,0.7,0.7,0.7,0.7,0.7,0.7,0.7,0.7
202,0.0,0.08,0.23,0.31,0.36,0.41,0.42,0.43,0.44,0.45,0.46,0.46,0.46,0.46,0.46,0.46,0.46,0.46,0.47,0.47,0.47,0.47,0.47,0.47,0.47,0.47,0.47,0.47,0.47,0.47,0.47,0.48,0.48,0.48,0.5,0.5,0.5,0.5,0.5,0.51,0.51,0.51,0.51,0.51,0.51,0.51,0.51,0.51,0.51,0.51,0.51,0.51,0.51,0.51,0.51,0.51,0.51,0.52,0.52,0.52,0.52,0.52,0.52,0.52,0.52,0.52,0.52,0.52,0.52,0.52,0.52,0.52,0.52,0.53,0.53,0.53,0.53,0.53,0.53,0.53,0.53,0.53,0.53,0.53,0.53,0.53,0.53,0.53,0.53,0.53,0.53,0.53,0.53,0.53,0.53,0.53,0.53,0.53,0.53,0.53
203,0.0,0.04,0.2,0.34,0.41,0.46,0.49,0.5,0.52,0.53,0.54,0.55,0.56,0.59,0.59,0.6,0.6,0.62,0.62,0.64,0.65,0.66,0.66,0.67,0.68,0.68,0.68,0.68,0.68,0.68,0.68,0.69,0.69,0.7,0.7,0.7,0.7,0.7,0.7,0.7,0.7,0.7,0.7,0.7,0.7,0.7,0.7,0.7,0.7,0.7,0.7,0.7,0.7,0.7,0.7,0.7,0.7,0.7,0.7,0.7,0.7,0.7,0.7,0.7,0.7,0.7,0.7,0.7,0.71,0.71,0.71,0.71,0.71,0.71,0.71,0.71,0.71,0.71,0.71,0.71,0.71,0.71,0.71,0.71,0.71,0.71,0.71,0.71,0.71,0.71,0.71,0.71,0.71,0.71,0.71,0.71,0.71,0.71,0.71,0.71
204,0.0,0.04,0.14,0.23,0.35,0.4,0.44,0.46,0.46,0.46,0.47,0.47,0.47,0.49,0.5,0.5,0.5,0.51,0.51,0.52,0.52,0.52,0.52,0.54,0.54,0.54,0.55,0.55,0.55,0.55,0.55,0.55,0.55,0.55,0.55,0.55,0.55,0.55,0.55,0.55,0.55,0.55,0.55,0.55,0.56,0.56,0.56,0.56,0.56,0.56,0.56,0.56,0.56,0.56,0.56,0.56,0.56,0.56,0.56,0.56,0.56,0.56,0.56,0.56,0.56,0.56,0.56,0.56,0.56,0.56,0.56,0.56,0.56,0.56,0.56,0.56,0.56,0.57,0.57,0.57,0.57,0.57,0.57,0.57,0.57,0.57,0.57,0.57,0.57,0.57,0.57,0.57,0.57,0.57,0.57,0.57,0.57,0.57,0.57,0.57
205,0.0,0.07,0.13,0.25,0.31,0.37,0.42,0.46,0.48,0.49,0.52,0.52,0.55,0.56,0.56,0.56,0.56,0.57,0.58,0.58,0.58,0.58,0.58,0.59,0.59,0.6,0.6,0.61,0.61,0.61,0.61,0.61,0.62,0.62,0.62,0.62,0.62,0.62,0.62,0.62,0.62,0.62,0.62,0.62,0.62,0.62,0.62,0.63,0.63,0.63,0.63,0.63,0.63,0.63,0.63,0.63,0.63,0.63,0.63,0.63,0.64,0.64,0.64,0.64,0.64,0.64,0.64,0.64,0.64,0.64,0.64,0.64,0.64,0.64,0.64,0.64,0.64,0.64,0.64,0.64,0.64,0.64,0.64,0.64,0.64,0.64,0.64,0.64,0.64,0.64,0.64,0.64,0.64,0.64,0.65,0.65,0.65,0.65,0.65,0.65
206,0.0,0.07,0.17,0.31,0.39,0.42,0.42,0.45,0.45,0.46,0.46,0.46,0.47,0.47,0.48,0.48,0.48,0.49,0.5,0.5,0.51,0.51,0.51,0.51,0.52,0.53,0.53,0.53,0.53,0.54,0.54,0.54,0.54,0.55,0.55,0.55,0.56,0.56,0.56,0.56,0.56,0.56,0.56,0.57,0.57,0.57,0.58,0.58,0.58,0.58,0.58,0.58,0.58,0.58,0.58,0.58,0.58,0.58,0.58,0.58,0.58,0.58,0.58,0.58,0.58,0.58,0.58,0.58,0.58,0.58,0.58,0.58,0.58,0.58,0.58,0.58,0.58,0.58,0.58,0.58,0.58,0.58,0.58,0.58,0.58,0.58,0.58,0.58,0.58,0.58,0.58,0.58,0.58,0.58,0.58,0.58,0.58,0.58,0.59,0.59
207,0.0,0.08,0.25,0.38,0.41,0.45,0.47,0.49,0.49,0.49,0.49,0.49,0.5,0.51,0.51,0.51,0.52,0.52,0.53,0.53,0.53,0.55,0.55,0.55,0.55,0.55,0.55,0.55,0.55,0.55,0.55,0.55,0.55,0.55,0.55,0.55,0.55,0.55,0.55,0.55,0.55,0.55,0.55,0.55,0.55,0.55,0.55,0.55,0.55,0.55,0.55,0.55,0.55,0.55,0.55,0.55,0.55,0.56,0.56,0.56,0.56,0.56,0.56,0.56,0.56,0.56,0.56,0.56,0.56,0.56,0.56,0.56,0.56,0.56,0.56,0.56,0.56,0.56,0.56,0.56,0.56,0.56,0.57,0.57,0.57,0.57,0.57,0.57,0.57,0.57,0.57,0.57,0.57,0.57,0.57,0.57,0.57,0.57,0.57,0.57
208,0.0,0.04,0.1,0.2,0.3,0.38,0.39,0.39,0.42,0.44,0.45,0.45,0.45,0.46,0.46,0.47,0.48,0.48,0.48,0.48,0.49,0.49,0.5,0.5,0.5,0.5,0.5,0.5,0.5,0.5,0.51,0.51,0.51,0.51,0.51,0.51,0.51,0.51,0.51,0.51,0.51,0.51,0.51,0.51,0.51,0.51,0.51,0.51,0.51,0.51,0.51,0.51,0.51,0.51,0.51,0.51,0.51,0.51,0.51,0.51,0.51,0.51,0.51,0.51,0.51,0.51,0.51,0.51,0.51,0.51,0.52,0.52,0.52,0.52,0.52,0.52,0.52,0.52,0.52,0.52,0.52,0.52,0.52,0.52,0.52,0.52,0.52,0.52,0.52,0.52,0.52,0.52,0.52,0.52,0.52,0.52,0.52,0.52,0.53,0.53
209,0.0,0.05,0.28,0.33,0.41,0.46,0.46,0.47,0.48,0.48,0.49,0.49,0.49,0.5,0.5,0.5,0.5,0.5,0.5,0.5,0.51,0.52,0.52,0.53,0.53,0.54,0.55,0.55,0.55,0.55,0.56,0.57,0.58,0.58,0.59,0.6,0.6,0.61,0.61,0.61,0.62,0.62,0.62,0.62,0.62,0.62,0.62,0.62,0.63,0.63,0.63,0.63,0.63,0.63,0.63,0.63,0.63,0.63,0.63,0.63,0.63,0.63,0.63,0.63,0.63,0.63,0.63,0.63,0.63,0.63,0.63,0.63,0.63,0.63,0.63,0.63,0.63,0.63,0.63,0.63,0.63,0.63,0.64,0.64,0.64,0.64,0.64,0.64,0.64,0.64,0.64,0.64,0.64,0.64,0.64,0.64,0.64,0.65,0.65,0.65
210,0.0,0.07,0.2,0.39,0.44,0.5,0.53,0.55,0.56,0.59,0.62,0.62,0.64,0.64,0.65,0.65,0.66,0.66,0.66,0.68,0.68,0.68,0.69,0.69,0.7,0.71,0.72,0.72,0.72,0.72,0.73,0.74,0.74,0.76,0.77,0.78,0.78,0.78,0.78,0.78,0.78,0.78,0.79,0.79,0.79,0.8,0.8,0.8,0.8,0.8,0.8,0.8,0.8,0.8,0.8,0.8,0.8,0.8,0.8,0.8,0.8,0.8,0.8,0.8,0.8,0.8,0.8,0.8,0.8,0.8,0.8,0.8,0.8,0.8,0.8,0.81,0.81,0.81,0.81,0.81,0.81,0.81,0.82,0.82,0.82,0.82,0.82,0.82,0.82,0.82,0.82,0.82,0.82,0.82,0.82,0.82,0.82,0.82,0.82,0.82
211,0.0,0.04,0.23,0.42,0.46,0.48,0.49,0.51,0.53,0.53,0.54,0.54,0.54,0.54,0.54,0.54,0.55,0.55,0.55,0.55,0.55,0.55,0.55,0.55,0.55,0.55,0.55,0.55,0.55,0.55,0.55,0.56,0.56,0.56,0.56,0.56,0.56,0.56,0.56,0.56,0.56,0.56,0.56,0.56,0.56,0.57,0.57,0.58,0.58,0.58,0.58,0.58,0.58,0.58,0.59,0.6,0.6,0.6,0.6,0.6,0.6,0.6,0.6,0.6,0.6,0.6,0.6,0.6,0.6,0.6,0.6,0.6,0.6,0.6,0.61,0.61,0.61,0.61,0.61,0.61,0.61,0.61,0.61,0.61,0.61,0.61,0.61,0.61,0.61,0.61,0.61,0.61,0.61,0.61,0.61,0.61,0.61,0.61,0.61,0.61
212,0.0,0.04,0.22,0.37,0.41,0.44,0.46,0.46,0.46,0.46,0.46,0.47,0.47,0.48,0.48,0.48,0.49,0.49,0.49,0.5,0.5,0.5,0.5,0.5,0.51,0.51,0.51,0.51,0.51,0.51,0.51,0.51,0.51,0.51,0.51,0.51,0.51,0.51,0.52,0.52,0.52,0.53,0.53,0.53,0.53,0.53,0.53,0.53,0.53,0.53,0.53,0.53,0.53,0.53,0.53,0.53,0.53,0.53,0.53,0.53,0.53,0.53,0.53,0.53,0.53,0.53,0.53,0.53,0.53,0.53,0.53,0.53,0.53,0.53,0.53,0.53,0.53,0.53,0.53,0.53,0.53,0.53,0.54,0.54,0.54,0.54,0.54,0.54,0.54,0.54,0.54,0.54,0.54,0.54,0.54,0.54,0.54,0.54,0.54,0.54
213,0.0,0.02,0.14,0.31,0.39,0.43,0.43,0.45,0.46,0.46,0.46,0.47,0.47,0.47,0.47,0.47,0.47,0.47,0.47,0.47,0.48,0.49,0.49,0.49,0.5,0.51,0.52,0.52,0.52,0.53,0.53,0.53,0.53,0.53,0.53,0.53,0.53,0.53,0.53,0.53,0.53,0.53,0.53,0.53,0.53,0.53,0.53,0.53,0.53,0.53,0.54,0.54,0.54,0.54,0.54,0.54,0.54,0.54,0.54,0.54,0.54,0.54,0.54,0.54,0.54,0.54,0.54,0.54,0.54,0.54,0.54,0.54,0.54,0.54,0.54,0.54,0.54,0.54,0.54,0.54,0.54,0.54,0.54,0.54,0.54,0.54,0.54,0.54,0.54,0.54,0.54,0.54,0.54,0.54,0.54,0.54,0.54,0.54,0.55,0.55
214,0.0,0.09,0.21,0.34,0.38,0.41,0.43,0.44,0.46,0.46,0.48,0.48,0.48,0.49,0.49,0.49,0.5,0.5,0.51,0.51,0.51,0.51,0.52,0.53,0.53,0.53,0.53,0.53,0.54,0.54,0.55,0.56,0.56,0.56,0.57,0.57,0.57,0.58,0.58,0.58,0.59,0.59,0.59,0.59,0.59,0.59,0.59,0.59,0.59,0.59,0.59,0.6,0.6,0.61,0.61,0.61,0.61,0.61,0.61,0.61,0.61,0.61,0.61,0.61,0.61,0.61,0.61,0.61,0.61,0.61,0.61,0.61,0.61,0.61,0.61,0.61,0.61,0.61,0.61,0.61,0.61,0.61,0.61,0.61,0.62,0.62,0.62,0.62,0.62,0.62,0.62,0.62,0.62,0.62,0.62,0.62,0.62,0.62,0.62,0.62
215,0.0,0.03,0.22,0.26,0.32,0.35,0.37,0.37,0.38,0.39,0.41,0.41,0.41,0.41,0.43,0.43,0.44,0.44,0.44,0.46,0.46,0.46,0.47,0.47,0.47,0.47,0.47,0.47,0.48,0.49,0.49,0.5,0.5,0.5,0.53,0.53,0.53,0.53,0.53,0.54,0.55,0.55,0.55,0.55,0.56,0.56,0.57,0.57,0.57,0.58,0.58,0.59,0.59,0.59,0.59,0.59,0.59,0.59,0.6,0.6,0.6,0.6,0.6,0.6,0.6,0.6,0.6,0.6,0.6,0.6,0.6,0.6,0.6,0.6,0.6,0.6,0.6,0.6,0.6,0.6,0.6,0.6,0.6,0.6,0.6,0.6,0.6,0.6,0.6,0.6,0.6,0.61,0.61,0.61,0.62,0.62,0.62,0.63,0.64,0.64
216,0.0,0.05,0.19,0.32,0.37,0.43,0.44,0.47,0.48,0.48,0.49,0.5,0.5,0.5,0.51,0.51,0.51,0.53,0.53,0.53,0.54,0.54,0.54,0.54,0.55,0.55,0.55,0.55,0.55,0.55,0.55,0.55,0.55,0.55,0.56,0.57,0.57,0.57,0.57,0.57,0.57,0.57,0.57,0.57,0.57,0.57,0.57,0.57,0.57,0.57,0.57,0.57,0.57,0.57,0.57,0.57,0.57,0.57,0.57,0.57,0.57,0.57,0.57,0.57,0.57,0.57,0.57,0.57,0.57,0.57,0.57,0.57,0.57,0.57,0.57,0.57,0.58,0.58,0.58,0.58,0.58,0.58,0.58,0.58,0.58,0.58,0.58,0.58,0.58,0.58,0.58,0.58,0.58,0.58,0.58,0.58,0.58,0.58,0.58,0.58
217,0.0,0.07,0.19,0.31,0.35,0.4,0.4,0.44,0.44,0.44,0.44,0.44,0.44,0.44,0.44,0.44,0.44,0.44,0.44,0.44,0.44,0.45,0.45,0.45,0.45,0.45,0.48,0.48,0.48,0.48,0.48,0.48,0.48,0.48,0.48,0.48,0.48,0.48,0.48,0.48,0.48,0.49,0.49,0.49,0.49,0.5,0.5,0.5,0.51,0.51,0.51,0.51,0.51,0.51,0.52,0.52,0.52,0.52,0.52,0.52,0.52,0.52,0.52,0.52,0.52,0.52,0.52,0.52,0.52,0.52,0.52,0.52,0.52,0.52,0.52,0.52,0.52,0.52,0.52,0.52,0.52,0.52,0.53,0.53,0.53,0.53,0.53,0.53,0.53,0.53,0.53,0.53,0.53,0.53,0.53,0.53,0.53,0.53,0.53,0.53
218,0.0,0.05,0.13,0.34,0.49,0.56,0.61,0.63,0.64,0.69,0.7,0.71,0.72,0.75,0.75,0.76,0.77,0.77,0.77,0.77,0.78,0.8,0.8,0.8,0.8,0.8,0.8,0.81,0.81,0.81,0.81,0.81,0.81,0.81,0.81,0.81,0.81,0.81,0.81,0.81,0.81,0.81,0.81,0.81,0.81,0.81,0.81,0.81,0.81,0.81,0.82,0.82,0.82,0.82,0.82,0.82,0.82,0.82,0.82,0.82,0.82,0.82,0.82,0.82,0.82,0.82,0.82,0.82,0.82,0.82,0.82,0.82,0.82,0.82,0.82,0.83,0.83,0.83,0.83,0.83,0.83,0.83,0.83,0.83,0.83,0.83,0.83,0.83,0.84,0.84,0.84,0.84,0.84,0.84,0.84,0.84,0.84,0.84,0.84,0.84
219,0.0,0.05,0.17,0.28,0.35,0.4,0.46,0.48,0.5,0.51,0.52,0.52,0.54,0.55,0.55,0.55,0.55,0.55,0.56,0.57,0.57,0.57,0.58,0.58,0.58,0.58,0.58,0.58,0.58,0.58,0.58,0.58,0.58,0.58,0.59,0.59,0.6,0.61,0.61,0.61,0.61,0.61,0.61,0.61,0.62,0.62,0.62,0.62,0.62,0.62,0.62,0.62,0.62,0.62,0.62,0.62,0.62,0.62,0.62,0.62,0.62,0.62,0.62,0.62,0.62,0.62,0.62,0.62,0.63,0.64,0.64,0.64,0.65,0.65,0.65,0.65,0.65,0.65,0.65,0.65,0.65,0.65,0.65,0.65,0.65,0.65,0.65,0.66,0.66,0.66,0.66,0.66,0.66,0.66,0.66,0.66,0.66,0.66,0.66,0.66
220,0.0,0.08,0.23,0.25,0.27,0.31,0.32,0.32,0.33,0.34,0.34,0.35,0.35,0.35,0.35,0.35,0.35,0.37,0.38,0.39,0.4,0.4,0.4,0.4,0.4,0.4,0.41,0.41,0.41,0.41,0.41,0.41,0.41,0.41,0.41,0.41,0.42,0.42,0.42,0.42,0.42,0.42,0.42,0.42,0.42,0.42,0.42,0.42,0.42,0.42,0.42,0.42,0.42,0.42,0.42,0.42,0.42,0.42,0.42,0.42,0.42,0.42,0.42,0.42,0.42,0.42,0.42,0.42,0.42,0.42,0.42,0.42,0.42,0.42,0.42,0.42,0.42,0.42,0.42,0.42,0.42,0.42,0.42,0.42,0.42,0.42,0.42,0.42,0.42,0.42,0.42,0.42,0.42,0.42,0.42,0.42,0.42,0.42,0.42,0.42
221,0.0,0.05,0.12,0.21,0.3,0.35,0.39,0.42,0.44,0.45,0.47,0.49,0.49,0.5,0.5,0.51,0.51,0.51,0.51,0.52,0.53,0.53,0.54,0.55,0.55,0.56,0.56,0.56,0.56,0.57,0.57,0.57,0.57,0.57,0.58,0.58,0.58,0.59,0.59,0.59,0.59,0.6,0.6,0.6,0.6,0.6,0.6,0.6,0.6,0.6,0.6,0.6,0.61,0.61,0.61,0.61,0.61,0.61,0.61,0.61,0.61,0.61,0.61,0.61,0.61,0.61,0.61,0.61,0.61,0.61,0.61,0.61,0.61,0.61,0.61,0.61,0.61,0.61,0.61,0.61,0.61,0.61,0.61,0.61,0.61,0.61,0.61,0.62,0.62,0.62,0.62,0.62,0.62,0.62,0.62,0.62,0.62,0.62,0.62,0.62
222,0.0,0.07,0.21,0.33,0.39,0.41,0.42,0.44,0.46,0.49,0.49,0.49,0.51,0.52,0.52,0.52,0.52,0.53,0.54,0.54,0.54,0.54,0.54,0.55,0.55,0.56,0.57,0.57,0.57,0.57,0.58,0.59,0.6,0.6,0.61,0.61,0.61,0.62,0.62,0.62,0.63,0.63,0.63,0.63,0.63,0.63,0.63,0.63,0.63,0.63,0.63,0.63,0.64,0.64,0.64,0.64,0.64,0.64,0.64,0.64,0.64,0.64,0.64,0.64,0.64,0.64,0.64,0.64,0.64,0.64,0.64,0.64,0.64,0.64,0.64,0.64,0.64,0.64,0.64,0.64,0.64,0.64,0.64,0.64,0.64,0.64,0.65,0.65,0.65,0.65,0.65,0.65,0.65,0.65,0.65,0.65,0.65,0.65,0.65,0.65
223,0.0,0.04,0.17,0.28,0.34,0.37,0.39,0.4,0.41,0.42,0.43,0.43,0.43,0.44,0.44,0.47,0.47,0.47,0.48,0.48,0.48,0.48,0.48,0.48,0.48,0.48,0.49,0.49,0.49,0.49,0.49,0.49,0.49,0.49,0.49,0.5,0.5,0.5,0.5,0.51,0.51,0.51,0.51,0.51,0.51,0.51,0.51,0.51,0.51,0.51,0.51,0.51,0.51,0.51,0.51,0.51,0.51,0.52,0.52,0.52,0.52,0.52,0.52,0.52,0.52,0.52,0.52,0.52,0.52,0.52,0.52,0.52,0.52,0.52,0.52,0.53,0.53,0.53,0.53,0.53,0.53,0.53,0.53,0.53,0.53,0.53,0.53,0.53,0.53,0.53,0.53,0.53,0.53,0.53,0.53,0.53,0.53,0.53,0.53,0.53
224,0.0,0.11,0.21,0.31,0.41,0.46,0.46,0.48,0.51,0.55,0.58,0.58,0.6,0.6,0.61,0.63,0.63,0.63,0.64,0.64,0.64,0.64,0.64,0.65,0.67,0.67,0.67,0.68,0.68,0.68,0.68,0.68,0.68,0.68,0.68,0.68,0.68,0.68,0.69,0.7,0.7,0.7,0.7,0.7,0.7,0.7,0.7,0.7,0.7,0.7,0.7,0.7,0.7,0.7,0.7,0.7,0.7,0.7,0.7,0.7,0.7,0.7,0.7,0.7,0.7,0.7,0.7,0.7,0.7,0.7,0.7,0.7,0.7,0.7,0.7,0.7,0.7,0.7,0.7,0.71,0.71,0.71,0.71,0.72,0.72,0.72,0.72,0.72,0.72,0.72,0.72,0.72,0.72,0.72,0.72,0.72,0.72,0.72,0.72,0.72
225,0.0,0.07,0.16,0.18,0.22,0.25,0.27,0.28,0.3,0.32,0.33,0.33,0.34,0.34,0.36,0.37,0.37,0.39,0.39,0.39,0.39,0.4,0.4,0.4,0.4,0.4,0.4,0.4,0.4,0.4,0.4,0.4,0.4,0.4,0.4,0.41,0.42,0.45,0.46,0.46,0.47,0.47,0.47,0.47,0.47,0.47,0.47,0.47,0.47,0.47,0.47,0.47,0.47,0.47,0.47,0.47,0.47,0.47,0.47,0.47,0.47,0.47,0.47,0.48,0.48,0.48,0.48,0.48,0.48,0.48,0.48,0.48,0.48,0.48,0.48,0.48,0.48,0.48,0.48,0.49,0.49,0.49,0.49,0.49,0.49,0.49,0.49,0.49,0.49,0.49,0.49,0.49,0.49,0.49,0.49,0.49,0.49,0.49,0.49,0.49
226,0.0,0.07,0.2,0.3,0.37,0.38,0.4,0.42,0.43,0.44,0.44,0.44,0.46,0.46,0.46,0.47,0.48,0.49,0.49,0.49,0.5,0.5,0.51,0.52,0.52,0.52,0.53,0.53,0.54,0.54,0.54,0.54,0.54,0.54,0.54,0.54,0.55,0.55,0.55,0.55,0.55,0.56,0.56,0.57,0.57,0.57,0.57,0.57,0.57,0.58,0.58,0.58,0.58,0.58,0.58,0.58,0.58,0.58,0.58,0.58,0.58,0.58,0.58,0.58,0.58,0.58,0.58,0.58,0.58,0.58,0.58,0.58,0.58,0.58,0.58,0.58,0.58,0.58,0.58,0.58,0.58,0.58,0.58,0.58,0.58,0.58,0.58,0.58,0.58,0.58,0.58,0.58,0.58,0.59,0.59,0.59,0.6,0.6,0.6,0.6
227,0.0,0.05,0.18,0.31,0.37,0.43,0.46,0.49,0.51,0.56,0.59,0.59,0.62,0.62,0.62,0.63,0.64,0.64,0.64,0.64,0.64,0.65,0.65,0.65,0.65,0.65,0.65,0.65,0.66,0.66,0.66,0.66,0.66,0.66,0.66,0.67,0.67,0.68,0.69,0.69,0.69,0.7,0.7,0.7,0.7,0.7,0.7,0.7,0.7,0.7,0.7,0.72,0.73,0.73,0.74,0.74,0.74,0.74,0.74,0.74,0.74,0.74,0.74,0.74,0.74,0.74,0.74,0.74,0.74,0.74,0.74,0.74,0.74,0.74,0.74,0.74,0.74,0.74,0.74,0.74,0.74,0.74,0.74,0.74,0.74,0.74,0.74,0.74,0.74,0.74,0.74,0.74,0.74,0.74,0.74,0.74,0.74,0.74,0.74,0.74
228,0.0,0.02,0.06,0.13,0.22,0.27,0.29,0.31,0.32,0.32,0.33,0.34,0.35,0.35,0.36,0.37,0.38,0.4,0.4,0.4,0.4,0.41,0.41,0.41,0.41,0.42,0.44,0.45,0.46,0.46,0.47,0.47,0.47,0.47,0.48,0.48,0.48,0.48,0.49,0.49,0.5,0.52,0.52,0.52,0.52,0.52,0.52,0.52,0.52,0.52,0.52,0.52,0.52,0.52,0.52,0.52,0.52,0.52,0.52,0.52,0.52,0.52,0.52,0.52,0.52,0.52,0.52,0.52,0.52,0.52,0.52,0.52,0.53,0.53,0.53,0.53,0.53,0.53,0.53,0.53,0.53,0.53,0.53,0.53,0.53,0.53,0.53,0.53,0.53,0.53,0.54,0.54,0.54,0.54,0.54,0.54,0.54,0.54,0.54,0.54
229,0.0,0.06,0.12,0.2,0.25,0.27,0.28,0.29,0.29,0.29,0.29,0.3,0.3,0.3,0.31,0.31,0.31,0.31,0.31,0.31,0.31,0.31,0.31,0.32,0.32,0.32,0.33,0.34,0.34,0.34,0.34,0.34,0.34,0.34,0.34,0.34,0.34,0.34,0.35,0.35,0.36,0.36,0.36,0.36,0.36,0.36,0.36,0.37,0.37,0.37,0.37,0.38,0.38,0.38,0.38,0.39,0.39,0.39,0.39,0.39,0.39,0.39,0.39,0.39,0.39,0.39,0.39,0.39,0.39,0.39,0.39,0.39,0.39,0.39,0.39,0.39,0.39,0.39,0.39,0.39,0.39,0.4,0.4,0.4,0.4,0.4,0.4,0.4,0.4,0.4,0.4,0.4,0.4,0.4,0.4,0.4,0.4,0.4,0.4,0.4
230,0.0,0.07,0.16,0.35,0.43,0.49,0.51,0.52,0.55,0.55,0.58,0.59,0.61,0.61,0.62,0.62,0.63,0.63,0.64,0.64,0.65,0.66,0.67,0.67,0.67,0.67,0.67,0.67,0.67,0.67,0.67,0.67,0.68,0.68,0.68,0.68,0.68,0.68,0.68,0.68,0.68,0.68,0.68,0.68,0.68,0.68,0.69,0.69,0.7,0.7,0.7,0.7,0.7,0.7,0.7,0.7,0.71,0.72,0.72,0.72,0.72,0.73,0.73,0.74,0.75,0.76,0.76,0.76,0.76,0.76,0.76,0.76,0.76,0.77,0.77,0.77,0.77,0.77,0.77,0.78,0.79,0.81,0.81,0.81,0.81,0.82,0.82,0.82,0.82,0.82,0.82,0.82,0.82,0.82,0.82,0.82,0.82,0.82,0.82,0.82
231,0.0,0.02,0.15,0.33,0.56,0.69,0.71,0.75,0.76,0.78,0.8,0.81,0.81,0.82,0.82,0.82,0.83,0.84,0.84,0.84,0.84,0.84,0.84,0.84,0.84,0.85,0.85,0.86,0.86,0.86,0.86,0.86,0.86,0.86,0.86,0.86,0.86,0.86,0.86,0.86,0.86,0.86,0.86,0.86,0.86,0.86,0.86,0.87,0.87,0.87,0.87,0.87,0.87,0.88,0.88,0.88,0.88,0.89,0.89,0.89,0.89,0.89,0.89,0.89,0.89,0.89,0.89,0.89,0.89,0.89,0.89,0.89,0.89,0.89,0.89,0.89,0.89,0.89,0.89,0.89,0.89,0.89,0.89,0.89,0.89,0.89,0.89,0.89,0.89,0.89,0.89,0.89,0.89,0.89,0.89,0.89,0.89,0.89,0.89,0.89
232,0.0,0.09,0.2,0.32,0.39,0.42,0.48,0.5,0.51,0.52,0.52,0.53,0.55,0.58,0.59,0.59,0.6,0.6,0.6,0.6,0.61,0.65,0.68,0.68,0.69,0.7,0.7,0.72,0.72,0.73,0.73,0.75,0.76,0.76,0.76,0.76,0.76,0.77,0.77,0.77,0.77,0.77,0.77,0.77,0.77,0.77,0.78,0.79,0.79,0.79,0.79,0.8,0.8,0.8,0.8,0.8,0.8,0.8,0.81,0.81,0.81,0.81,0.81,0.81,0.81,0.81,0.81,0.81,0.81,0.81,0.81,0.81,0.81,0.81,0.81,0.81,0.81,0.81,0.81,0.81,0.81,0.81,0.81,0.81,0.81,0.81,0.81,0.81,0.81,0.81,0.81,0.81,0.81,0.81,0.81,0.81,0.81,0.82,0.82,0.82
233,0.0,0.05,0.15,0.24,0.27,0.28,0.31,0.35,0.37,0.37,0.39,0.4,0.41,0.41,0.42,0.42,0.44,0.44,0.44,0.44,0.44,0.44,0.44,0.44,0.44,0.45,0.45,0.45,0.45,0.46,0.46,0.46,0.46,0.46,0.46,0.46,0.46,0.46,0.46,0.46,0.46,0.46,0.46,0.46,0.46,0.46,0.46,0.46,0.46,0.46,0.46,0.46,0.46,0.46,0.46,0.46,0.46,0.46,0.46,0.47,0.48,0.48,0.48,0.48,0.48,0.48,0.48,0.48,0.48,0.48,0.49,0.49,0.49,0.49,0.49,0.49,0.49,0.49,0.49,0.49,0.49,0.49,0.49,0.5,0.5,0.5,0.5,0.5,0.5,0.5,0.5,0.5,0.5,0.5,0.5,0.5,0.5,0.5,0.5,0.5
234,0.0,0.1,0.16,0.22,0.24,0.26,0.27,0.29,0.3,0.34,0.35,0.36,0.36,0.36,0.36,0.37,0.37,0.37,0.37,0.37,0.37,0.38,0.38,0.38,0.39,0.42,0.42,0.42,0.44,0.44,0.44,0.45,0.45,0.46,0.46,0.46,0.47,0.47,0.47,0.49,0.49,0.5,0.51,0.52,0.53,0.53,0.54,0.54,0.55,0.55,0.55,0.55,0.55,0.55,0.55,0.55,0.55,0.55,0.55,0.55,0.55,0.55,0.55,0.55,0.55,0.55,0.55,0.55,0.56,0.56,0.56,0.56,0.56,0.56,0.56,0.56,0.56,0.56,0.56,0.56,0.56,0.56,0.56,0.57,0.57,0.57,0.57,0.57,0.57,0.57,0.57,0.57,0.57,0.57,0.57,0.57,0.57,0.57,0.57,0.57
235,0.0,0.07,0.2,0.32,0.35,0.41,0.42,0.44,0.46,0.47,0.47,0.47,0.47,0.48,0.48,0.48,0.5,0.5,0.5,0.5,0.52,0.53,0.53,0.53,0.53,0.53,0.53,0.53,0.53,0.53,0.53,0.53,0.53,0.53,0.53,0.53,0.53,0.53,0.54,0.55,0.55,0.55,0.56,0.57,0.57,0.57,0.57,0.57,0.57,0.57,0.57,0.57,0.57,0.57,0.57,0.57,0.57,0.57,0.57,0.57,0.57,0.57,0.57,0.57,0.57,0.57,0.57,0.57,0.57,0.57,0.57,0.57,0.57,0.57,0.59,0.59,0.59,0.59,0.59,0.59,0.59,0.59,0.59,0.59,0.59,0.59,0.59,0.59,0.59,0.59,0.59,0.59,0.59,0.59,0.59,0.59,0.59,0.59,0.59,0.59
236,0.0,0.09,0.22,0.35,0.43,0.45,0.47,0.5,0.52,0.53,0.54,0.54,0.54,0.54,0.55,0.55,0.55,0.55,0.55,0.56,0.57,0.57,0.6,0.61,0.63,0.64,0.64,0.64,0.64,0.64,0.64,0.64,0.64,0.64,0.64,0.65,0.65,0.65,0.65,0.65,0.65,0.65,0.65,0.65,0.65,0.65,0.65,0.65,0.65,0.65,0.65,0.65,0.65,0.65,0.65,0.65,0.66,0.66,0.66,0.66,0.66,0.66,0.66,0.66,0.66,0.66,0.66,0.66,0.66,0.66,0.66,0.66,0.66,0.66,0.66,0.66,0.67,0.67,0.68,0.68,0.68,0.68,0.68,0.68,0.68,0.68,0.68,0.68,0.68,0.68,0.68,0.68,0.68,0.68,0.68,0.68,0.68,0.68,0.68,0.68
237,0.0,0.06,0.15,0.28,0.42,0.52,0.57,0.58,0.6,0.61,0.64,0.64,0.64,0.65,0.66,0.66,0.67,0.67,0.67,0.67,0.67,0.67,0.67,0.67,0.67,0.67,0.68,0.68,0.68,0.69,0.69,0.69,0.69,0.69,0.69,0.69,0.69,0.69,0.69,0.69,0.69,0.69,0.69,0.69,0.69,0.69,0.69,0.69,0.69,0.69,0.7,0.7,0.7,0.7,0.71,0.71,0.71,0.71,0.71,0.71,0.71,0.71,0.71,0.71,0.71,0.71,0.71,0.71,0.71,0.71,0.71,0.71,0.71,0.71,0.71,0.71,0.71,0.71,0.71,0.71,0.71,0.71,0.71,0.71,0.71,0.71,0.71,0.71,0.71,0.71,0.71,0.71,0.71,0.71,0.71,0.71,0.71,0.71,0.71,0.71
238,0.0,0.04,0.12,0.23,0.31,0.38,0.45,0.5,0.51,0.53,0.53,0.56,0.56,0.56,0.56,0.59,0.59,0.59,0.6,0.61,0.61,0.61,0.61,0.61,0.61,0.62,0.62,0.62,0.62,0.62,0.62,0.62,0.62,0.62,0.63,0.63,0.63,0.63,0.63,0.63,0.64,0.64,0.64,0.64,0.64,0.64,0.64,0.64,0.64,0.64,0.64,0.64,0.64,0.64,0.64,0.64,0.64,0.64,0.64,0.64,0.64,0.64,0.64,0.65,0.65,0.65,0.65,0.65,0.65,0.65,0.65,0.65,0.65,0.65,0.65,0.65,0.65,0.65,0.65,0.65,0.65,0.65,0.65,0.65,0.65,0.65,0.65,0.65,0.65,0.65,0.65,0.65,0.65,0.65,0.65,0.65,0.65,0.65,0.65,0.65
239,0.0,0.06,0.15,0.28,0.33,0.39,0.41,0.44,0.48,0.48,0.5,0.5,0.51,0.51,0.52,0.52,0.52,0.52,0.52,0.52,0.52,0.52,0.52,0.52,0.52,0.53,0.53,0.53,0.53,0.53,0.53,0.53,0.53,0.53,0.53,0.53,0.53,0.53,0.53,0.54,0.54,0.54,0.54,0.54,0.54,0.54,0.54,0.54,0.54,0.54,0.54,0.54,0.54,0.54,0.54,0.54,0.54,0.55,0.55,0.55,0.55,0.55,0.55,0.55,0.55,0.56,0.57,0.57,0.57,0.57,0.57,0.57,0.57,0.57,0.57,0.57,0.57,0.57,0.57,0.57,0.57,0.58,0.58,0.58,0.58,0.58,0.58,0.59,0.59,0.59,0.59,0.59,0.59,0.59,0.59,0.59,0.6,0.6,0.6,0.6
240,0.0,0.05,0.18,0.28,0.35,0.37,0.42,0.43,0.46,0.48,0.49,0.49,0.49,0.5,0.51,0.51,0.52,0.53,0.53,0.54,0.54,0.54,0.54,0.54,0.54,0.54,0.54,0.55,0.55,0.55,0.55,0.55,0.55,0.55,0.55,0.55,0.55,0.55,0.55,0.55,0.55,0.55,0.55,0.55,0.55,0.55,0.55,0.55,0.55,0.55,0.56,0.56,0.56,0.56,0.56,0.56,0.56,0.56,0.56,0.56,0.56,0.56,0.56,0.56,0.56,0.56,0.56,0.56,0.56,0.56,0.56,0.56,0.56,0.56,0.56,0.56,0.56,0.56,0.56,0.56,0.56,0.56,0.56,0.56,0.56,0.56,0.56,0.56,0.56,0.56,0.56,0.56,0.56,0.56,0.56,0.56,0.56,0.56,0.56,0.56
241,0.0,0.08,0.2,0.26,0.32,0.34,0.35,0.36,0.36,0.36,0.36,0.36,0.36,0.36,0.37,0.37,0.37,0.37,0.38,0.38,0.4,0.4,0.4,0.41,0.41,0.41,0.42,0.42,0.42,0.42,0.42,0.42,0.42,0.42,0.42,0.42,0.42,0.42,0.42,0.43,0.43,0.43,0.43,0.43,0.43,0.43,0.43,0.44,0.44,0.44,0.44,0.44,0.44,0.44,0.44,0.44,0.44,0.44,0.44,0.44,0.44,0.44,0.44,0.44,0.44,0.44,0.44,0.44,0.45,0.45,0.45,0.45,0.45,0.45,0.45,0.45,0.45,0.45,0.45,0.45,0.45,0.45,0.45,0.45,0.45,0.45,0.45,0.45,0.45,0.46,0.46,0.46,0.46,0.46,0.46,0.46,0.46,0.46,0.46,0.46
242,0.0,0.1,0.19,0.38,0.45,0.47,0.49,0.52,0.53,0.55,0.56,0.56,0.56,0.57,0.57,0.58,0.58,0.59,0.59,0.59,0.59,0.59,0.59,0.59,0.59,0.59,0.59,0.6,0.6,0.6,0.6,0.6,0.6,0.6,0.6,0.6,0.61,0.61,0.61,0.61,0.61,0.61,0.61,0.61,0.61,0.61,0.61,0.61,0.61,0.61,0.61,0.63,0.63,0.63,0.63,0.63,0.63,0.63,0.63,0.63,0.64,0.64,0.64,0.64,0.64,0.64,0.65,0.65,0.65,0.65,0.65,0.65,0.65,0.65,0.65,0.65,0.65,0.65,0.65,0.65,0.66,0.66,0.66,0.66,0.66,0.66,0.66,0.66,0.66,0.66,0.66,0.66,0.66,0.66,0.66,0.66,0.66,0.66,0.66,0.66
243,0.0,0.04,0.15,0.22,0.3,0.34,0.35,0.38,0.38,0.4,0.4,0.4,0.4,0.41,0.41,0.42,0.43,0.44,0.44,0.44,0.46,0.46,0.46,0.46,0.47,0.47,0.47,0.47,0.47,0.47,0.47,0.47,0.47,0.47,0.48,0.5,0.51,0.52,0.52,0.52,0.52,0.53,0.53,0.53,0.53,0.53,0.53,0.53,0.53,0.53,0.53,0.53,0.53,0.53,0.53,0.53,0.53,0.53,0.53,0.53,0.53,0.53,0.53,0.53,0.53,0.54,0.54,0.54,0.54,0.54,0.55,0.55,0.55,0.55,0.55,0.55,0.56,0.56,0.57,0.57,0.57,0.57,0.57,0.57,0.57,0.57,0.57,0.57,0.57,0.57,0.57,0.57,0.57,0.57,0.57,0.57,0.57,0.57,0.57,0.57
244,0.0,0.05,0.13,0.27,0.38,0.42,0.45,0.45,0.48,0.5,0.52,0.52,0.53,0.54,0.54,0.54,0.54,0.54,0.54,0.54,0.54,0.54,0.54,0.56,0.56,0.57,0.57,0.57,0.57,0.57,0.57,0.57,0.57,0.57,0.57,0.57,0.57,0.58,0.58,0.58,0.58,0.58,0.58,0.58,0.58,0.58,0.58,0.58,0.58,0.58,0.58,0.59,0.59,0.59,0.59,0.59,0.59,0.59,0.59,0.59,0.59,0.6,0.6,0.6,0.61,0.61,0.61,0.61,0.61,0.61,0.61,0.62,0.62,0.62,0.62,0.62,0.62,0.62,0.62,0.62,0.62,0.62,0.62,0.62,0.62,0.62,0.62,0.62,0.62,0.62,0.62,0.62,0.62,0.62,0.62,0.62,0.62,0.62,0.62,0.62
245,0.0,0.09,0.18,0.29,0.3,0.33,0.33,0.33,0.37,0.39,0.41,0.42,0.42,0.42,0.42,0.42,0.42,0.43,0.44,0.44,0.44,0.44,0.44,0.44,0.44,0.44,0.44,0.44,0.44,0.45,0.46,0.46,0.47,0.47,0.47,0.47,0.48,0.48,0.48,0.48,0.48,0.48,0.48,0.48,0.48,0.48,0.48,0.48,0.48,0.48,0.48,0.48,0.48,0.48,0.48,0.48,0.48,0.48,0.48,0.48,0.48,0.48,0.48,0.48,0.48,0.48,0.48,0.48,0.48,0.48,0.48,0.48,0.48,0.48,0.48,0.48,0.48,0.48,0.48,0.48,0.48,0.48,0.48,0.48,0.48,0.48,0.49,0.49,0.49,0.49,0.49,0.49,0.49,0.49,0.49,0.49,0.49,0.49,0.49,0.49
246,0.0,0.06,0.13,0.18,0.23,0.25,0.3,0.31,0.33,0.35,0.35,0.36,0.36,0.36,0.36,0.36,0.37,0.38,0.38,0.38,0.38,0.38,0.38,0.38,0.39,0.39,0.4,0.4,0.41,0.41,0.41,0.43,0.45,0.45,0.45,0.46,0.46,0.47,0.47,0.47,0.47,0.47,0.47,0.48,0.48,0.48,0.48,0.48,0.48,0.48,0.48,0.48,0.48,0.48,0.48,0.48,0.48,0.48,0.48,0.48,0.48,0.48,0.48,0.48,0.48,0.48,0.48,0.48,0.48,0.48,0.48,0.48,0.48,0.48,0.48,0.48,0.48,0.48,0.48,0.48,0.48,0.48,0.48,0.48,0.48,0.48,0.48,0.48,0.48,0.48,0.48,0.48,0.48,0.49,0.49,0.49,0.5,0.5,0.5,0.5
247,0.0,0.07,0.19,0.32,0.38,0.4,0.41,0.43,0.44,0.44,0.44,0.44,0.44,0.45,0.46,0.46,0.46,0.47,0.47,0.47,0.47,0.47,0.47,0.48,0.48,0.48,0.48,0.48,0.48,0.48,0.48,0.5,0.5,0.5,0.5,0.51,0.51,0.51,0.51,0.51,0.51,0.51,0.51,0.51,0.51,0.51,0.51,0.52,0.53,0.53,0.53,0.53,0.53,0.53,0.53,0.53,0.53,0.53,0.53,0.53,0.53,0.53,0.53,0.55,0.55,0.55,0.55,0.55,0.55,0.55,0.55,0.55,0.55,0.55,0.55,0.55,0.56,0.56,0.56,0.56,0.56,0.56,0.56,0.56,0.56,0.56,0.56,0.56,0.56,0.56,0.56,0.56,0.56,0.56,0.56,0.56,0.56,0.56,0.56,0.56
248,0.0,0.07,0.2,0.37,0.43,0.43,0.43,0.46,0.46,0.49,0.49,0.51,0.52,0.52,0.54,0.54,0.54,0.55,0.55,0.55,0.55,0.58,0.58,0.58,0.58,0.58,0.59,0.59,0.59,0.6,0.6,0.6,0.6,0.6,0.6,0.6,0.6,0.6,0.6,0.63,0.64,0.64,0.64,0.64,0.64,0.64,0.64,0.64,0.64,0.64,0.64,0.64,0.64,0.64,0.64,0.64,0.64,0.64,0.64,0.64,0.64,0.64,0.64,0.64,0.64,0.64,0.64,0.64,0.64,0.64,0.64,0.64,0.64,0.64,0.64,0.64,0.64,0.64,0.64,0.64,0.64,0.64,0.64,0.64,0.64,0.64,0.64,0.64,0.64,0.64,0.64,0.64,0.64,0.64,0.64,0.64,0.64,0.64,0.64,0.64
249,0.0,0.04,0.14,0.22,0.31,0.34,0.36,0.38,0.38,0.39,0.39,0.39,0.39,0.39,0.39,0.39,0.4,0.4,0.4,0.4,0.4,0.4,0.4,0.4,0.4,0.4,0.4,0.41,0.41,0.41,0.41,0.41,0.41,0.41,0.41,0.41,0.41,0.41,0.42,0.42,0.42,0.42,0.42,0.42,0.42,0.42,0.42,0.42,0.42,0.42,0.42,0.42,0.42,0.42,0.42,0.42,0.42,0.42,0.42,0.42,0.42,0.42,0.42,0.42,0.42,0.42,0.42,0.42,0.42,0.42,0.42,0.42,0.42,0.42,0.42,0.42,0.42,0.42,0.42,0.42,0.42,0.42,0.42,0.42,0.42,0.42,0.42,0.42,0.42,0.42,0.42,0.42,0.42,0.42,0.42,0.42,0.42,0.42,0.42,0.42
250,0.0,0.03,0.11,0.23,0.39,0.53,0.57,0.62,0.62,0.62,0.63,0.63,0.63,0.63,0.64,0.64,0.64,0.65,0.66,0.66,0.67,0.68,0.68,0.68,0.69,0.69,0.69,0.7,0.7,0.71,0.71,0.72,0.72,0.72,0.72,0.73,0.73,0.73,0.73,0.73,0.73,0.73,0.73,0.73,0.73,0.73,0.73,0.73,0.73,0.73,0.73,0.73,0.73,0.73,0.73,0.73,0.73,0.73,0.73,0.73,0.73,0.73,0.73,0.73,0.73,0.73,0.73,0.73,0.73,0.73,0.73,0.73,0.73,0.73,0.73,0.73,0.73,0.73,0.73,0.73,0.73,0.73,0.73,0.73,0.73,0.73,0.73,0.73,0.73,0.73,0.73,0.73,0.73,0.73,0.73,0.73,0.73,0.73,0.73,0.73
251,0.0,0.06,0.17,0.27,0.29,0.3,0.3,0.31,0.32,0.33,0.33,0.34,0.34,0.34,0.34,0.34,0.34,0.34,0.36,0.38,0.39,0.41,0.41,0.43,0.43,0.44,0.44,0.44,0.44,0.44,0.44,0.44,0.44,0.44,0.44,0.45,0.46,0.46,0.46,0.47,0.48,0.48,0.48,0.48,0.48,0.48,0.48,0.48,0.48,0.48,0.48,0.48,0.48,0.48,0.48,0.48,0.48,0.48,0.48,0.48,0.48,0.48,0.48,0.48,0.48,0.48,0.48,0.48,0.48,0.48,0.48,0.48,0.48,0.48,0.48,0.48,0.48,0.48,0.48,0.48,0.48,0.48,0.48,0.48,0.48,0.48,0.48,0.48,0.48,0.48,0.48,0.48,0.48,0.48,0.48,0.48,0.48,0.48,0.48,0.48
252,0.0,0.03,0.09,0.2,0.31,0.38,0.48,0.52,0.53,0.53,0.54,0.55,0.56,0.56,0.56,0.56,0.56,0.56,0.56,0.56,0.56,0.56,0.56,0.56,0.58,0.58,0.59,0.6,0.6,0.6,0.6,0.6,0.6,0.6,0.6,0.6,0.6,0.6,0.6,0.6,0.6,0.6,0.6,0.6,0.6,0.6,0.6,0.6,0.6,0.6,0.6,0.6,0.6,0.6,0.6,0.6,0.6,0.6,0.6,0.6,0.6,0.6,0.6,0.6,0.6,0.6,0.6,0.6,0.6,0.6,0.6,0.6,0.6,0.6,0.6,0.6,0.6,0.6,0.6,0.6,0.6,0.6,0.6,0.6,0.6,0.6,0.6,0.6,0.6,0.6,0.6,0.6,0.6,0.6,0.6,0.6,0.6,0.6,0.6,0.6
253,0.0,0.07,0.26,0.37,0.44,0.53,0.56,0.58,0.63,0.63,0.65,0.65,0.65,0.65,0.66,0.66,0.66,0.66,0.66,0.66,0.66,0.68,0.69,0.69,0.7,0.7,0.71,0.73,0.73,0.74,0.74,0.75,0.75,0.76,0.76,0.76,0.77,0.77,0.77,0.77,0.77,0.77,0.77,0.77,0.77,0.77,0.77,0.77,0.77,0.77,0.77,0.77,0.77,0.77,0.77,0.77,0.77,0.77,0.77,0.77,0.77,0.77,0.77,0.77,0.77,0.77,0.77,0.77,0.77,0.77,0.77,0.77,0.77,0.77,0.77,0.77,0.77,0.77,0.77,0.77,0.77,0.77,0.77,0.77,0.77,0.77,0.77,0.77,0.77,0.77,0.77,0.77,0.77,0.77,0.77,0.77,0.77,0.77,0.77,0.77
254,0.0,0.05,0.15,0.26,0.33,0.35,0.37,0.38,0.39,0.4,0.41,0.41,0.41,0.42,0.42,0.42,0.42,0.42,0.42,0.42,0.42,0.43,0.43,0.43,0.43,0.43,0.44,0.44,0.44,0.44,0.44,0.44,0.44,0.44,0.44,0.44,0.44,0.44,0.44,0.44,0.44,0.44,0.44,0.44,0.44,0.44,0.44,0.44,0.44,0.44,0.44,0.44,0.44,0.44,0.44,0.44,0.44,0.44,0.44,0.44,0.44,0.44,0.44,0.44,0.44,0.44,0.44,0.44,0.44,0.44,0.44,0.44,0.44,0.45,0.45,0.45,0.45,0.45,0.45,0.45,0.45,0.45,0.45,0.45,0.45,0.45,0.45,0.45,0.45,0.45,0.45,0.45,0.45,0.45,0.45,0.45,0.45,0.45,0.45,0.45
255,0.0,0.07,0.21,0.3,0.33,0.39,0.45,0.46,0.48,0.48,0.49,0.51,0.52,0.53,0.54,0.54,0.54,0.54,0.54,0.54,0.54,0.54,0.55,0.55,0.55,0.55,0.55,0.55,0.55,0.55,0.55,0.55,0.55,0.55,0.55,0.55,0.55,0.55,0.55,0.55,0.55,0.55,0.55,0.55,0.55,0.55,0.55,0.55,0.56,0.56,0.56,0.56,0.56,0.56,0.56,0.56,0.56,0.56,0.56,0.57,0.57,0.57,0.57,0.57,0.57,0.57,0.57,0.57,0.57,0.58,0.58,0.58,0.58,0.58,0.58,0.58,0.58,0.58,0.58,0.58,0.58,0.58,0.59,0.59,0.59,0.59,0.59,0.59,0.59,0.59,0.59,0.59,0.59,0.59,0.59,0.59,0.59,0.59,0.59,0.59
256,0.0,0.07,0.1,0.13,0.16,0.24,0.24,0.24,0.25,0.25,0.26,0.27,0.27,0.28,0.28,0.28,0.28,0.28,0.28,0.29,0.29,0.29,0.29,0.29,0.29,0.3,0.3,0.3,0.3,0.3,0.3,0.31,0.32,0.32,0.32,0.33,0.33,0.33,0.33,0.35,0.35,0.35,0.35,0.35,0.35,0.35,0.35,0.35,0.35,0.35,0.35,0.35,0.35,0.35,0.35,0.35,0.35,0.35,0.35,0.35,0.35,0.35,0.35,0.35,0.35,0.35,0.35,0.35,0.35,0.35,0.35,0.36,0.36,0.36,0.36,0.36,0.36,0.36,0.36,0.37,0.37,0.37,0.37,0.37,0.37,0.37,0.37,0.38,0.38,0.38,0.38,0.38,0.38,0.38,0.38,0.38,0.38,0.38,0.38,0.38
257,0.0,0.06,0.21,0.33,0.38,0.4,0.43,0.45,0.46,0.47,0.47,0.47,0.47,0.48,0.48,0.48,0.48,0.49,0.49,0.49,0.5,0.5,0.5,0.52,0.52,0.52,0.52,0.52,0.52,0.52,0.52,0.53,0.54,0.54,0.54,0.54,0.54,0.54,0.54,0.54,0.54,0.54,0.54,0.55,0.55,0.56,0.56,0.56,0.56,0.57,0.57,0.57,0.57,0.57,0.57,0.57,0.57,0.58,0.58,0.58,0.58,0.58,0.58,0.58,0.58,0.58,0.58,0.58,0.58,0.58,0.58,0.58,0.58,0.58,0.58,0.58,0.58,0.58,0.58,0.58,0.59,0.59,0.6,0.6,0.61,0.61,0.61,0.61,0.61,0.61,0.61,0.61,0.62,0.62,0.62,0.62,0.62,0.62,0.62,0.62
258,0.0,0.02,0.14,0.25,0.32,0.39,0.4,0.42,0.42,0.42,0.43,0.43,0.43,0.46,0.46,0.47,0.47,0.47,0.47,0.49,0.49,0.49,0.49,0.49,0.5,0.51,0.51,0.51,0.51,0.51,0.51,0.51,0.51,0.51,0.51,0.51,0.51,0.51,0.51,0.51,0.51,0.51,0.51,0.51,0.51,0.51,0.51,0.52,0.52,0.52,0.52,0.52,0.52,0.52,0.52,0.52,0.52,0.52,0.52,0.52,0.52,0.52,0.52,0.52,0.52,0.52,0.52,0.52,0.52,0.52,0.52,0.52,0.52,0.52,0.52,0.52,0.52,0.52,0.52,0.52,0.52,0.52,0.52,0.52,0.52,0.52,0.52,0.52,0.52,0.52,0.52,0.52,0.52,0.52,0.53,0.53,0.53,0.53,0.53,0.53
259,0.0,0.05,0.17,0.3,0.33,0.36,0.42,0.44,0.49,0.53,0.56,0.57,0.58,0.6,0.6,0.6,0.6,0.6,0.6,0.61,0.61,0.61,0.62,0.62,0.63,0.63,0.64,0.64,0.64,0.64,0.64,0.64,0.64,0.66,0.66,0.66,0.66,0.66,0.66,0.66,0.66,0.66,0.66,0.66,0.66,0.67,0.67,0.67,0.67,0.68,0.68,0.68,0.68,0.69,0.69,0.69,0.69,0.69,0.69,0.7,0.71,0.73,0.73,0.73,0.73,0.73,0.73,0.74,0.75,0.75,0.75,0.75,0.75,0.75,0.75,0.75,0.75,0.75,0.75,0.75,0.75,0.75,0.75,0.75,0.75,0.75,0.75,0.75,0.75,0.76,0.76,0.76,0.76,0.76,0.76,0.76,0.76,0.76,0.76,0.76
260,0.0,0.05,0.24,0.32,0.4,0.42,0.44,0.45,0.45,0.45,0.45,0.45,0.46,0.46,0.47,0.47,0.49,0.49,0.49,0.49,0.49,0.5,0.5,0.52,0.53,0.54,0.54,0.54,0.54,0.54,0.55,0.55,0.55,0.55,0.56,0.56,0.56,0.56,0.56,0.56,0.56,0.56,0.56,0.56,0.56,0.56,0.56,0.56,0.56,0.56,0.56,0.57,0.57,0.57,0.57,0.57,0.57,0.57,0.57,0.57,0.57,0.57,0.57,0.57,0.57,0.57,0.57,0.57,0.57,0.57,0.57,0.57,0.57,0.57,0.57,0.57,0.57,0.57,0.57,0.57,0.57,0.57,0.57,0.57,0.57,0.57,0.58,0.58,0.59,0.59,0.59,0.59,0.59,0.59,0.6,0.6,0.6,0.6,0.6,0.6
261,0.0,0.05,0.16,0.35,0.41,0.43,0.45,0.48,0.48,0.48,0.49,0.49,0.49,0.49,0.49,0.51,0.51,0.52,0.52,0.53,0.54,0.54,0.54,0.54,0.54,0.55,0.56,0.56,0.56,0.56,0.56,0.56,0.56,0.56,0.56,0.56,0.56,0.56,0.56,0.56,0.56,0.57,0.58,0.58,0.58,0.58,0.58,0.58,0.58,0.58,0.58,0.58,0.58,0.58,0.58,0.59,0.59,0.59,0.59,0.59,0.59,0.59,0.59,0.59,0.59,0.59,0.59,0.59,0.59,0.59,0.59,0.59,0.59,0.59,0.59,0.59,0.59,0.59,0.59,0.6,0.6,0.6,0.61,0.61,0.61,0.61,0.61,0.61,0.61,0.61,0.61,0.61,0.61,0.61,0.61,0.61,0.61,0.61,0.61,0.61
262,0.0,0.05,0.18,0.33,0.4,0.43,0.48,0.5,0.51,0.52,0.53,0.55,0.57,0.57,0.57,0.58,0.58,0.58,0.58,0.58,0.58,0.58,0.61,0.61,0.61,0.61,0.61,0.61,0.62,0.62,0.62,0.62,0.62,0.62,0.62,0.62,0.62,0.62,0.62,0.62,0.62,0.62,0.62,0.62,0.62,0.62,0.62,0.62,0.63,0.64,0.64,0.64,0.64,0.64,0.64,0.64,0.64,0.64,0.64,0.64,0.64,0.64,0.64,0.64,0.64,0.64,0.64,0.64,0.64,0.64,0.64,0.64,0.64,0.64,0.65,0.65,0.65,0.65,0.65,0.65,0.65,0.65,0.65,0.65,0.65,0.65,0.65,0.66,0.66,0.66,0.66,0.66,0.66,0.66,0.66,0.66,0.66,0.66,0.66,0.66
263,0.0,0.04,0.18,0.3,0.34,0.37,0.41,0.44,0.44,0.45,0.45,0.46,0.48,0.48,0.48,0.48,0.48,0.48,0.49,0.49,0.49,0.49,0.49,0.49,0.49,0.49,0.49,0.49,0.49,0.49,0.49,0.51,0.51,0.51,0.51,0.51,0.52,0.52,0.52,0.52,0.52,0.52,0.52,0.52,0.52,0.52,0.52,0.52,0.52,0.52,0.52,0.52,0.52,0.53,0.53,0.53,0.53,0.53,0.53,0.53,0.54,0.54,0.55,0.55,0.55,0.55,0.55,0.55,0.55,0.55,0.55,0.55,0.56,0.56,0.57,0.57,0.58,0.58,0.58,0.58,0.58,0.58,0.58,0.58,0.58,0.58,0.58,0.58,0.58,0.58,0.58,0.58,0.58,0.59,0.59,0.59,0.59,0.59,0.59,0.59
264,0.0,0.04,0.15,0.27,0.36,0.42,0.49,0.54,0.55,0.57,0.58,0.58,0.59,0.6,0.6,0.6,0.62,0.63,0.63,0.63,0.63,0.64,0.65,0.65,0.66,0.66,0.66,0.66,0.66,0.66,0.66,0.66,0.66,0.66,0.66,0.66,0.66,0.66,0.66,0.67,0.67,0.67,0.68,0.68,0.69,0.69,0.69,0.69,0.69,0.69,0.69,0.69,0.69,0.69,0.69,0.69,0.69,0.69,0.7,0.7,0.7,0.7,0.7,0.7,0.7,0.71,0.71,0.71,0.71,0.71,0.71,0.71,0.71,0.72,0.72,0.72,0.72,0.72,0.72,0.72,0.72,0.72,0.72,0.72,0.72,0.72,0.72,0.72,0.72,0.72,0.72,0.72,0.72,0.72,0.72,0.72,0.72,0.72,0.72,0.72
265,0.0,0.1,0.22,0.33,0.36,0.37,0.37,0.38,0.39,0.41,0.42,0.43,0.43,0.44,0.45,0.45,0.46,0.46,0.46,0.46,0.46,0.47,0.47,0.47,0.47,0.47,0.49,0.49,0.5,0.5,0.5,0.5,0.51,0.51,0.51,0.53,0.53,0.53,0.53,0.53,0.53,0.53,0.53,0.53,0.53,0.53,0.53,0.53,0.53,0.54,0.55,0.56,0.56,0.56,0.56,0.56,0.56,0.56,0.58,0.58,0.58,0.58,0.58,0.58,0.58,0.58,0.58,0.58,0.58,0.58,0.58,0.59,0.59,0.59,0.59,0.59,0.59,0.59,0.6,0.6,0.6,0.6,0.6,0.6,0.6,0.6,0.6,0.6,0.61,0.61,0.61,0.61,0.61,0.61,0.61,0.61,0.61,0.61,0.61,0.61
266,0.0,0.05,0.12,0.26,0.34,0.43,0.45,0.47,0.49,0.51,0.51,0.52,0.53,0.55,0.56,0.56,0.57,0.57,0.57,0.57,0.57,0.57,0.57,0.57,0.57,0.58,0.59,0.59,0.6,0.6,0.6,0.6,0.6,0.62,0.62,0.62,0.62,0.62,0.62,0.62,0.62,0.62,0.62,0.62,0.62,0.62,0.62,0.62,0.62,0.62,0.62,0.62,0.63,0.63,0.63,0.63,0.63,0.63,0.63,0.63,0.63,0.63,0.63,0.63,0.63,0.63,0.63,0.64,0.64,0.64,0.64,0.64,0.64,0.64,0.64,0.64,0.64,0.64,0.64,0.64,0.64,0.64,0.64,0.64,0.66,0.66,0.66,0.66,0.67,0.67,0.67,0.67,0.67,0.67,0.67,0.67,0.67,0.67,0.67,0.67
267,0.0,0.08,0.26,0.4,0.57,0.62,0.64,0.65,0.66,0.66,0.66,0.66,0.66,0.66,0.66,0.67,0.69,0.7,0.7,0.7,0.71,0.71,0.71,0.71,0.71,0.71,0.71,0.72,0.72,0.72,0.73,0.74,0.74,0.74,0.74,0.74,0.74,0.74,0.74,0.74,0.74,0.74,0.74,0.74,0.74,0.74,0.74,0.74,0.74,0.74,0.74,0.74,0.74,0.74,0.74,0.74,0.74,0.74,0.74,0.74,0.74,0.74,0.74,0.74,0.74,0.74,0.75,0.75,0.76,0.77,0.78,0.78,0.78,0.78,0.78,0.79,0.79,0.79,0.79,0.79,0.79,0.79,0.79,0.8,0.8,0.8,0.8,0.8,0.8,0.8,0.8,0.8,0.8,0.8,0.8,0.8,0.8,0.8,0.8,0.8
268,0.0,0.05,0.14,0.19,0.21,0.22,0.23,0.26,0.26,0.27,0.29,0.29,0.29,0.29,0.29,0.29,0.3,0.31,0.31,0.31,0.31,0.31,0.31,0.31,0.32,0.32,0.32,0.33,0.33,0.33,0.33,0.34,0.35,0.35,0.35,0.35,0.35,0.35,0.36,0.36,0.37,0.37,0.39,0.39,0.39,0.39,0.39,0.4,0.4,0.4,0.4,0.4,0.4,0.4,0.41,0.41,0.41,0.41,0.41,0.41,0.41,0.41,0.41,0.41,0.41,0.41,0.41,0.41,0.41,0.41,0.41,0.41,0.41,0.41,0.41,0.41,0.41,0.41,0.41,0.41,0.41,0.41,0.41,0.41,0.41,0.41,0.41,0.41,0.41,0.41,0.41,0.41,0.41,0.41,0.42,0.42,0.42,0.42,0.42,0.42
269,0.0,0.09,0.17,0.18,0.18,0.2,0.2,0.2,0.21,0.21,0.22,0.24,0.27,0.28,0.3,0.3,0.31,0.31,0.31,0.31,0.31,0.31,0.31,0.31,0.31,0.31,0.31,0.31,0.32,0.33,0.35,0.35,0.35,0.35,0.35,0.35,0.35,0.35,0.35,0.35,0.35,0.35,0.35,0.36,0.36,0.36,0.36,0.36,0.36,0.36,0.36,0.36,0.36,0.36,0.36,0.36,0.36,0.36,0.36,0.36,0.36,0.36,0.36,0.37,0.37,0.37,0.37,0.37,0.37,0.37,0.37,0.37,0.37,0.37,0.37,0.37,0.37,0.37,0.37,0.37,0.37,0.37,0.37,0.37,0.37,0.37,0.37,0.37,0.37,0.37,0.37,0.37,0.37,0.37,0.37,0.37,0.37,0.37,0.37,0.37
270,0.0,0.08,0.27,0.3,0.34,0.35,0.36,0.39,0.43,0.45,0.46,0.47,0.49,0.5,0.5,0.51,0.52,0.52,0.52,0.53,0.53,0.53,0.53,0.53,0.53,0.53,0.53,0.53,0.53,0.54,0.54,0.54,0.54,0.54,0.54,0.54,0.54,0.54,0.55,0.55,0.55,0.55,0.55,0.55,0.55,0.55,0.55,0.55,0.55,0.55,0.55,0.55,0.55,0.55,0.55,0.55,0.55,0.56,0.56,0.56,0.56,0.56,0.58,0.58,0.58,0.58,0.58,0.58,0.58,0.58,0.58,0.58,0.59,0.59,0.6,0.6,0.6,0.6,0.6,0.6,0.61,0.61,0.62,0.62,0.62,0.62,0.62,0.62,0.62,0.62,0.62,0.62,0.62,0.62,0.62,0.62,0.62,0.62,0.62,0.62
271,0.0,0.04,0.15,0.2,0.21,0.23,0.3,0.38,0.39,0.4,0.42,0.42,0.42,0.42,0.42,0.42,0.42,0.45,0.46,0.48,0.49,0.49,0.49,0.49,0.5,0.5,0.51,0.51,0.51,0.52,0.52,0.52,0.52,0.52,0.52,0.52,0.52,0.53,0.53,0.53,0.54,0.54,0.54,0.55,0.55,0.55,0.55,0.55,0.56,0.56,0.56,0.56,0.57,0.57,0.57,0.57,0.57,0.57,0.57,0.57,0.57,0.57,0.57,0.57,0.57,0.57,0.57,0.57,0.57,0.57,0.58,0.58,0.58,0.58,0.58,0.58,0.58,0.58,0.58,0.58,0.58,0.58,0.58,0.58,0.58,0.58,0.58,0.58,0.58,0.58,0.58,0.58,0.58,0.58,0.58,0.58,0.58,0.58,0.58,0.58
272,0.0,0.03,0.12,0.25,0.32,0.39,0.44,0.51,0.54,0.55,0.56,0.6,0.6,0.6,0.61,0.61,0.61,0.61,0.62,0.63,0.65,0.65,0.65,0.65,0.65,0.65,0.66,0.66,0.66,0.67,0.67,0.68,0.68,0.68,0.68,0.68,0.68,0.69,0.7,0.7,0.7,0.7,0.7,0.7,0.71,0.71,0.71,0.71,0.71,0.71,0.71,0.72,0.72,0.73,0.73,0.73,0.73,0.73,0.73,0.73,0.73,0.73,0.73,0.73,0.73,0.73,0.73,0.73,0.73,0.73,0.73,0.73,0.73,0.73,0.73,0.73,0.73,0.73,0.73,0.73,0.73,0.73,0.73,0.73,0.74,0.74,0.74,0.74,0.74,0.74,0.74,0.74,0.74,0.74,0.74,0.74,0.74,0.74,0.75,0.75
273,0.0,0.06,0.21,0.33,0.43,0.52,0.55,0.59,0.61,0.64,0.66,0.66,0.68,0.68,0.68,0.68,0.68,0.68,0.68,0.69,0.69,0.69,0.69,0.69,0.69,0.69,0.69,0.69,0.69,0.69,0.69,0.69,0.69,0.69,0.69,0.69,0.69,0.69,0.69,0.69,0.69,0.69,0.69,0.69,0.69,0.69,0.69,0.69,0.69,0.7,0.71,0.71,0.71,0.71,0.71,0.71,0.71,0.71,0.71,0.71,0.71,0.71,0.71,0.71,0.71,0.71,0.71,0.71,0.71,0.71,0.71,0.71,0.71,0.71,0.71,0.71,0.71,0.71,0.71,0.71,0.71,0.71,0.71,0.71,0.71,0.71,0.71,0.71,0.71,0.71,0.71,0.71,0.71,0.71,0.71,0.71,0.71,0.71,0.71,0.71
274,0.0,0.01,0.05,0.12,0.14,0.15,0.17,0.18,0.2,0.2,0.23,0.24,0.25,0.25,0.25,0.25,0.26,0.27,0.27,0.27,0.28,0.28,0.28,0.28,0.28,0.28,0.28,0.29,0.29,0.3,0.3,0.3,0.3,0.3,0.3,0.31,0.31,0.31,0.32,0.32,0.32,0.33,0.33,0.33,0.33,0.33,0.33,0.33,0.33,0.33,0.33,0.33,0.33,0.33,0.33,0.33,0.34,0.34,0.34,0.34,0.34,0.34,0.34,0.34,0.34,0.34,0.34,0.34,0.34,0.34,0.34,0.34,0.34,0.34,0.34,0.34,0.34,0.34,0.34,0.34,0.34,0.34,0.34,0.34,0.34,0.34,0.34,0.34,0.34,0.34,0.34,0.34,0.34,0.35,0.35,0.35,0.35,0.35,0.36,0.37
275,0.0,0.04,0.09,0.19,0.29,0.37,0.42,0.47,0.52,0.53,0.56,0.57,0.57,0.58,0.6,0.6,0.6,0.6,0.6,0.6,0.6,0.62,0.62,0.64,0.64,0.66,0.66,0.66,0.66,0.66,0.66,0.66,0.66,0.66,0.66,0.67,0.68,0.68,0.68,0.68,0.69,0.69,0.7,0.7,0.7,0.7,0.7,0.7,0.7,0.7,0.7,0.7,0.7,0.7,0.7,0.7,0.7,0.72,0.72,0.72,0.72,0.72,0.72,0.73,0.73,0.73,0.73,0.73,0.73,0.73,0.73,0.73,0.73,0.73,0.73,0.73,0.73,0.73,0.73,0.73,0.73,0.73,0.73,0.73,0.73,0.73,0.73,0.73,0.73,0.73,0.73,0.73,0.73,0.73,0.73,0.73,0.73,0.73,0.73,0.73
276,0.0,0.09,0.25,0.39,0.44,0.49,0.55,0.57,0.6,0.61,0.61,0.62,0.62,0.63,0.63,0.63,0.64,0.66,0.66,0.66,0.67,0.68,0.68,0.69,0.69,0.69,0.69,0.69,0.69,0.69,0.69,0.69,0.7,0.7,0.7,0.7,0.71,0.72,0.72,0.73,0.73,0.73,0.73,0.73,0.73,0.73,0.73,0.73,0.73,0.73,0.73,0.73,0.73,0.73,0.73,0.73,0.73,0.73,0.73,0.73,0.73,0.73,0.73,0.73,0.73,0.74,0.74,0.74,0.74,0.75,0.76,0.76,0.76,0.77,0.77,0.77,0.77,0.77,0.77,0.77,0.77,0.77,0.77,0.78,0.78,0.78,0.78,0.78,0.78,0.78,0.78,0.79,0.79,0.8,0.8,0.8,0.8,0.8,0.8,0.81
277,0.0,0.06,0.18,0.32,0.46,0.5,0.53,0.54,0.57,0.58,0.61,0.62,0.63,0.64,0.65,0.67,0.68,0.69,0.69,0.7,0.7,0.7,0.7,0.7,0.7,0.7,0.71,0.72,0.72,0.72,0.72,0.73,0.73,0.73,0.73,0.73,0.73,0.73,0.73,0.73,0.74,0.74,0.74,0.74,0.74,0.74,0.74,0.74,0.74,0.74,0.74,0.74,0.74,0.74,0.74,0.75,0.75,0.75,0.75,0.75,0.75,0.75,0.75,0.75,0.75,0.75,0.75,0.75,0.75,0.75,0.75,0.75,0.75,0.75,0.75,0.75,0.75,0.75,0.75,0.75,0.75,0.75,0.75,0.75,0.75,0.75,0.75,0.75,0.75,0.75,0.75,0.75,0.75,0.75,0.75,0.75,0.75,0.75,0.75,0.75
278,0.0,0.09,0.15,0.25,0.31,0.36,0.39,0.41,0.42,0.44,0.44,0.44,0.45,0.45,0.45,0.45,0.45,0.45,0.45,0.46,0.46,0.46,0.46,0.48,0.49,0.5,0.5,0.5,0.5,0.5,0.5,0.5,0.5,0.5,0.5,0.5,0.5,0.5,0.5,0.5,0.5,0.51,0.51,0.51,0.51,0.51,0.52,0.52,0.52,0.52,0.52,0.52,0.52,0.52,0.52,0.52,0.52,0.52,0.52,0.52,0.53,0.53,0.53,0.53,0.53,0.53,0.53,0.53,0.53,0.53,0.53,0.53,0.53,0.53,0.53,0.53,0.53,0.53,0.53,0.53,0.53,0.53,0.53,0.53,0.53,0.53,0.53,0.53,0.53,0.53,0.53,0.54,0.54,0.54,0.54,0.54,0.54,0.54,0.54,0.54
279,0.0,0.06,0.15,0.2,0.27,0.29,0.32,0.33,0.34,0.34,0.34,0.35,0.35,0.36,0.37,0.37,0.37,0.37,0.37,0.37,0.37,0.37,0.37,0.38,0.38,0.38,0.39,0.39,0.39,0.39,0.39,0.39,0.39,0.39,0.39,0.39,0.39,0.39,0.41,0.41,0.42,0.42,0.42,0.42,0.42,0.42,0.42,0.42,0.42,0.42,0.42,0.42,0.42,0.42,0.42,0.42,0.42,0.42,0.42,0.42,0.42,0.42,0.42,0.42,0.42,0.42,0.42,0.42,0.42,0.42,0.42,0.42,0.42,0.42,0.43,0.43,0.43,0.43,0.43,0.43,0.43,0.43,0.43,0.43,0.43,0.43,0.43,0.43,0.43,0.43,0.44,0.44,0.44,0.44,0.44,0.45,0.45,0.45,0.45,0.45
280,0.0,0.04,0.18,0.27,0.31,0.36,0.4,0.4,0.42,0.43,0.43,0.44,0.46,0.46,0.47,0.47,0.47,0.47,0.48,0.49,0.49,0.49,0.49,0.49,0.49,0.49,0.49,0.5,0.5,0.5,0.5,0.5,0.51,0.51,0.52,0.53,0.53,0.54,0.54,0.54,0.54,0.54,0.54,0.54,0.54,0.54,0.54,0.54,0.54,0.54,0.54,0.54,0.54,0.54,0.54,0.55,0.55,0.55,0.55,0.55,0.55,0.55,0.55,0.55,0.55,0.57,0.57,0.57,0.57,0.57,0.57,0.57,0.57,0.57,0.57,0.58,0.58,0.59,0.59,0.6,0.6,0.6,0.6,0.6,0.6,0.6,0.6,0.6,0.6,0.6,0.6,0.6,0.6,0.61,0.61,0.61,0.61,0.61,0.61,0.61
281,0.0,0.05,0.17,0.35,0.46,0.53,0.59,0.62,0.63,0.63,0.65,0.67,0.68,0.68,0.68,0.68,0.68,0.68,0.69,0.69,0.69,0.69,0.69,0.69,0.7,0.7,0.71,0.72,0.72,0.72,0.72,0.72,0.73,0.73,0.73,0.73,0.73,0.73,0.73,0.73,0.73,0.73,0.73,0.73,0.73,0.73,0.73,0.73,0.75,0.75,0.75,0.75,0.76,0.76,0.76,0.76,0.76,0.76,0.77,0.77,0.77,0.77,0.77,0.77,0.77,0.77,0.77,0.77,0.77,0.77,0.77,0.77,0.77,0.77,0.77,0.77,0.77,0.77,0.77,0.77,0.77,0.77,0.77,0.77,0.77,0.77,0.77,0.77,0.77,0.77,0.77,0.77,0.77,0.78,0.78,0.78,0.78,0.78,0.78,0.78
282,0.0,0.05,0.16,0.33,0.38,0.41,0.45,0.48,0.5,0.52,0.53,0.55,0.56,0.56,0.56,0.56,0.57,0.57,0.57,0.57,0.57,0.57,0.57,0.57,0.58,0.59,0.59,0.59,0.59,0.6,0.6,0.6,0.6,0.6,0.6,0.6,0.61,0.61,0.61,0.61,0.61,0.61,0.61,0.61,0.61,0.61,0.61,0.61,0.61,0.61,0.61,0.61,0.61,0.61,0.61,0.61,0.61,0.61,0.61,0.61,0.61,0.61,0.61,0.61,0.61,0.61,0.61,0.61,0.61,0.61,0.61,0.61,0.61,0.61,0.61,0.61,0.61,0.61,0.61,0.61,0.61,0.61,0.61,0.61,0.61,0.61,0.61,0.61,0.61,0.61,0.61,0.61,0.61,0.62,0.62,0.62,0.62,0.62,0.62,0.62
283,0.0,0.05,0.21,0.34,0.42,0.43,0.44,0.45,0.45,0.45,0.45,0.45,0.45,0.45,0.45,0.45,0.45,0.45,0.45,0.45,0.46,0.46,0.46,0.46,0.46,0.46,0.46,0.46,0.46,0.46,0.46,0.46,0.47,0.48,0.48,0.49,0.49,0.49,0.49,0.49,0.49,0.49,0.49,0.49,0.5,0.5,0.51,0.51,0.51,0.51,0.51,0.52,0.52,0.53,0.53,0.53,0.53,0.53,0.53,0.53,0.54,0.54,0.54,0.54,0.54,0.54,0.54,0.55,0.55,0.55,0.55,0.55,0.55,0.55,0.55,0.55,0.55,0.56,0.56,0.56,0.56,0.57,0.57,0.57,0.57,0.57,0.57,0.57,0.57,0.57,0.58,0.58,0.58,0.58,0.58,0.58,0.58,0.58,0.58,0.58
284,0.0,0.04,0.13,0.22,0.29,0.4,0.46,0.53,0.62,0.7,0.7,0.7,0.72,0.72,0.72,0.73,0.74,0.76,0.77,0.77,0.77,0.78,0.78,0.78,0.78,0.79,0.79,0.79,0.79,0.79,0.8,0.8,0.8,0.8,0.8,0.8,0.8,0.81,0.81,0.82,0.82,0.82,0.82,0.82,0.82,0.82,0.82,0.82,0.82,0.82,0.82,0.82,0.82,0.82,0.82,0.82,0.82,0.84,0.84,0.84,0.84,0.84,0.84,0.84,0.84,0.84,0.84,0.84,0.84,0.84,0.84,0.84,0.84,0.85,0.85,0.85,0.85,0.85,0.85,0.85,0.85,0.85,0.85,0.85,0.85,0.85,0.85,0.85,0.85,0.85,0.85,0.85,0.85,0.85,0.86,0.86,0.86,0.86,0.86,0.86
285,0.0,0.08,0.18,0.3,0.46,0.53,0.57,0.58,0.58,0.59,0.61,0.63,0.63,0.63,0.63,0.63,0.63,0.63,0.64,0.65,0.65,0.66,0.66,0.66,0.67,0.67,0.67,0.67,0.67,0.67,0.67,0.68,0.69,0.69,0.7,0.7,0.7,0.7,0.7,0.7,0.7,0.7,0.7,0.7,0.7,0.71,0.71,0.71,0.71,0.72,0.72,0.74,0.74,0.74,0.75,0.75,0.75,0.76,0.76,0.76,0.76,0.76,0.76,0.76,0.76,0.76,0.77,0.77,0.77,0.77,0.77,0.77,0.77,0.77,0.77,0.77,0.77,0.77,0.77,0.77,0.77,0.77,0.77,0.77,0.77,0.77,0.77,0.77,0.77,0.77,0.77,0.77,0.77,0.77,0.77,0.77,0.77,0.77,0.77,0.77
286,0.0,0.07,0.26,0.31,0.35,0.38,0.39,0.39,0.4,0.4,0.4,0.41,0.41,0.41,0.42,0.42,0.43,0.43,0.43,0.43,0.44,0.44,0.44,0.45,0.46,0.47,0.47,0.47,0.48,0.48,0.48,0.48,0.48,0.48,0.48,0.48,0.48,0.48,0.48,0.48,0.48,0.48,0.49,0.49,0.49,0.5,0.5,0.5,0.5,0.5,0.5,0.5,0.5,0.5,0.5,0.5,0.5,0.5,0.5,0.5,0.5,0.5,0.5,0.5,0.5,0.5,0.5,0.5,0.5,0.5,0.5,0.5,0.5,0.5,0.5,0.5,0.5,0.5,0.5,0.5,0.5,0.5,0.5,0.5,0.5,0.5,0.5,0.5,0.5,0.5,0.5,0.5,0.5,0.5,0.5,0.5,0.5,0.5,0.5,0.5
287,0.0,0.06,0.14,0.2,0.28,0.35,0.37,0.37,0.38,0.4,0.42,0.42,0.43,0.44,0.46,0.48,0.49,0.49,0.5,0.53,0.53,0.53,0.53,0.53,0.53,0.53,0.53,0.53,0.54,0.54,0.54,0.54,0.54,0.54,0.54,0.54,0.54,0.54,0.54,0.54,0.54,0.55,0.55,0.55,0.56,0.56,0.56,0.56,0.56,0.56,0.56,0.56,0.56,0.56,0.56,0.56,0.56,0.56,0.56,0.56,0.56,0.56,0.56,0.56,0.56,0.56,0.56,0.56,0.56,0.56,0.56,0.56,0.56,0.56,0.56,0.56,0.56,0.56,0.56,0.56,0.56,0.56,0.56,0.56,0.56,0.56,0.56,0.56,0.56,0.56,0.56,0.56,0.56,0.56,0.56,0.56,0.57,0.57,0.57,0.57
288,0.0,0.03,0.23,0.34,0.43,0.52,0.54,0.56,0.59,0.6,0.6,0.6,0.6,0.61,0.61,0.61,0.62,0.62,0.62,0.62,0.63,0.65,0.65,0.67,0.68,0.68,0.68,0.68,0.68,0.68,0.68,0.68,0.68,0.68,0.69,0.69,0.69,0.69,0.69,0.69,0.69,0.69,0.69,0.69,0.69,0.69,0.69,0.69,0.69,0.69,0.69,0.69,0.69,0.69,0.69,0.69,0.69,0.69,0.69,0.69,0.69,0.69,0.69,0.69,0.69,0.69,0.69,0.69,0.69,0.69,0.69,0.69,0.69,0.69,0.69,0.69,0.69,0.69,0.69,0.69,0.69,0.69,0.69,0.69,0.69,0.69,0.69,0.69,0.69,0.69,0.69,0.69,0.69,0.69,0.69,0.69,0.69,0.69,0.69,0.69
289,0.0,0.06,0.21,0.32,0.44,0.46,0.49,0.5,0.51,0.54,0.56,0.56,0.56,0.56,0.56,0.59,0.59,0.59,0.6,0.61,0.61,0.62,0.62,0.62,0.62,0.63,0.63,0.63,0.63,0.63,0.64,0.64,0.65,0.65,0.65,0.65,0.65,0.65,0.65,0.65,0.66,0.66,0.66,0.66,0.66,0.66,0.66,0.67,0.67,0.67,0.67,0.68,0.69,0.69,0.69,0.69,0.69,0.69,0.69,0.69,0.69,0.69,0.7,0.7,0.7,0.71,0.71,0.71,0.71,0.71,0.71,0.71,0.71,0.71,0.71,0.71,0.71,0.72,0.72,0.72,0.73,0.73,0.74,0.74,0.74,0.74,0.74,0.74,0.74,0.74,0.74,0.74,0.74,0.74,0.74,0.74,0.74,0.74,0.74,0.74
290,0.0,0.06,0.2,0.26,0.32,0.34,0.35,0.37,0.38,0.38,0.4,0.4,0.4,0.4,0.4,0.41,0.41,0.41,0.42,0.42,0.42,0.42,0.43,0.43,0.44,0.44,0.44,0.44,0.44,0.44,0.44,0.44,0.44,0.44,0.44,0.44,0.44,0.44,0.44,0.44,0.44,0.44,0.44,0.44,0.44,0.45,0.45,0.45,0.45,0.45,0.45,0.45,0.45,0.45,0.45,0.46,0.46,0.46,0.46,0.46,0.46,0.46,0.46,0.46,0.46,0.46,0.46,0.46,0.46,0.46,0.46,0.47,0.47,0.47,0.47,0.47,0.47,0.47,0.47,0.47,0.47,0.47,0.47,0.47,0.47,0.47,0.47,0.47,0.47,0.48,0.48,0.48,0.48,0.48,0.48,0.48,0.48,0.48,0.48,0.48
291,0.0,0.09,0.21,0.23,0.26,0.29,0.29,0.32,0.34,0.34,0.35,0.37,0.38,0.38,0.38,0.38,0.39,0.39,0.39,0.4,0.4,0.4,0.4,0.4,0.4,0.4,0.4,0.4,0.4,0.42,0.43,0.43,0.43,0.43,0.44,0.44,0.44,0.44,0.44,0.45,0.45,0.46,0.46,0.46,0.46,0.46,0.47,0.47,0.47,0.47,0.47,0.47,0.47,0.47,0.47,0.47,0.47,0.47,0.47,0.47,0.47,0.47,0.47,0.47,0.47,0.47,0.47,0.47,0.47,0.47,0.47,0.47,0.47,0.47,0.47,0.47,0.47,0.47,0.48,0.48,0.48,0.48,0.48,0.48,0.48,0.48,0.49,0.49,0.49,0.49,0.49,0.49,0.49,0.49,0.49,0.49,0.49,0.49,0.49,0.49
292,0.0,0.07,0.21,0.27,0.32,0.38,0.41,0.44,0.44,0.44,0.44,0.45,0.45,0.45,0.48,0.48,0.49,0.49,0.49,0.49,0.5,0.5,0.52,0.52,0.52,0.52,0.54,0.56,0.58,0.59,0.59,0.61,0.61,0.61,0.62,0.62,0.62,0.62,0.62,0.62,0.62,0.62,0.62,0.62,0.63,0.64,0.64,0.64,0.64,0.64,0.64,0.64,0.64,0.65,0.65,0.65,0.65,0.65,0.65,0.65,0.66,0.66,0.66,0.66,0.66,0.66,0.66,0.66,0.66,0.66,0.66,0.66,0.66,0.66,0.67,0.67,0.67,0.67,0.67,0.67,0.67,0.67,0.67,0.68,0.68,0.68,0.68,0.68,0.68,0.68,0.69,0.69,0.69,0.69,0.69,0.69,0.69,0.69,0.69,0.69
293,0.0,0.06,0.16,0.19,0.25,0.26,0.29,0.31,0.31,0.31,0.32,0.34,0.35,0.36,0.36,0.36,0.37,0.39,0.4,0.41,0.41,0.41,0.41,0.42,0.43,0.43,0.44,0.45,0.46,0.46,0.46,0.47,0.48,0.49,0.49,0.52,0.52,0.52,0.53,0.54,0.54,0.54,0.54,0.54,0.54,0.54,0.54,0.54,0.54,0.54,0.54,0.54,0.54,0.54,0.54,0.54,0.55,0.55,0.55,0.55,0.56,0.56,0.56,0.56,0.56,0.56,0.56,0.56,0.56,0.56,0.56,0.56,0.56,0.56,0.56,0.56,0.56,0.56,0.56,0.56,0.56,0.56,0.56,0.56,0.56,0.56,0.57,0.57,0.57,0.57,0.57,0.57,0.57,0.57,0.57,0.57,0.57,0.57,0.57,0.57
294,0.0,0.07,0.16,0.23,0.27,0.31,0.33,0.33,0.35,0.37,0.4,0.41,0.41,0.42,0.42,0.42,0.42,0.42,0.43,0.43,0.44,0.44,0.44,0.44,0.45,0.45,0.45,0.45,0.46,0.46,0.46,0.46,0.46,0.46,0.46,0.46,0.46,0.46,0.46,0.46,0.46,0.46,0.46,0.46,0.46,0.46,0.46,0.46,0.46,0.46,0.46,0.46,0.46,0.46,0.46,0.46,0.46,0.46,0.46,0.46,0.46,0.47,0.47,0.47,0.47,0.47,0.47,0.47,0.48,0.49,0.49,0.49,0.49,0.49,0.49,0.49,0.49,0.49,0.49,0.49,0.49,0.49,0.49,0.49,0.49,0.5,0.5,0.5,0.5,0.5,0.5,0.5,0.5,0.5,0.5,0.5,0.5,0.5,0.5,0.5
295,0.0,0.09,0.27,0.38,0.48,0.49,0.53,0.55,0.57,0.59,0.61,0.62,0.63,0.64,0.66,0.68,0.68,0.68,0.69,0.69,0.7,0.71,0.72,0.72,0.72,0.72,0.72,0.72,0.72,0.72,0.72,0.72,0.72,0.72,0.72,0.72,0.73,0.73,0.73,0.73,0.73,0.74,0.74,0.74,0.74,0.74,0.75,0.75,0.75,0.75,0.76,0.76,0.76,0.76,0.76,0.76,0.76,0.76,0.76,0.76,0.76,0.76,0.76,0.76,0.76,0.76,0.76,0.76,0.76,0.76,0.76,0.76,0.76,0.77,0.77,0.77,0.77,0.77,0.77,0.77,0.78,0.78,0.78,0.78,0.78,0.79,0.79,0.79,0.79,0.79,0.8,0.8,0.8,0.8,0.8,0.8,0.81,0.82,0.82,0.82
296,0.0,0.07,0.26,0.36,0.4,0.48,0.52,0.53,0.56,0.56,0.57,0.57,0.57,0.57,0.57,0.58,0.58,0.58,0.58,0.59,0.59,0.59,0.6,0.6,0.6,0.6,0.6,0.6,0.6,0.61,0.61,0.61,0.61,0.61,0.61,0.61,0.63,0.63,0.63,0.63,0.63,0.63,0.63,0.63,0.63,0.63,0.63,0.63,0.63,0.63,0.64,0.64,0.65,0.65,0.65,0.65,0.66,0.66,0.67,0.67,0.68,0.69,0.69,0.69,0.7,0.7,0.72,0.72,0.72,0.72,0.72,0.72,0.72,0.72,0.72,0.72,0.73,0.73,0.73,0.73,0.73,0.73,0.74,0.74,0.74,0.74,0.74,0.74,0.74,0.74,0.74,0.75,0.75,0.75,0.75,0.75,0.75,0.75,0.75,0.75
297,0.0,0.07,0.19,0.29,0.38,0.44,0.5,0.51,0.58,0.58,0.58,0.6,0.61,0.61,0.62,0.64,0.66,0.68,0.68,0.68,0.68,0.68,0.68,0.69,0.7,0.7,0.71,0.71,0.71,0.71,0.72,0.72,0.72,0.72,0.73,0.74,0.74,0.76,0.76,0.77,0.77,0.77,0.77,0.78,0.78,0.78,0.78,0.78,0.78,0.78,0.78,0.78,0.78,0.78,0.78,0.78,0.78,0.78,0.78,0.78,0.78,0.78,0.78,0.78,0.78,0.78,0.79,0.79,0.79,0.79,0.79,0.79,0.79,0.79,0.79,0.79,0.79,0.79,0.79,0.79,0.79,0.79,0.79,0.79,0.79,0.8,0.8,0.8,0.8,0.8,0.8,0.8,0.81,0.81,0.81,0.81,0.81,0.81,0.81,0.81
298,0.0,0.04,0.17,0.25,0.26,0.28,0.29,0.29,0.31,0.34,0.34,0.35,0.35,0.35,0.35,0.35,0.35,0.35,0.35,0.35,0.35,0.35,0.35,0.35,0.35,0.35,0.36,0.36,0.36,0.36,0.36,0.36,0.36,0.36,0.36,0.36,0.36,0.36,0.36,0.36,0.36,0.36,0.36,0.36,0.36,0.36,0.36,0.36,0.36,0.36,0.36,0.36,0.36,0.36,0.36,0.36,0.36,0.36,0.36,0.37,0.37,0.37,0.37,0.37,0.37,0.37,0.37,0.37,0.37,0.37,0.37,0.38,0.38,0.38,0.38,0.38,0.38,0.38,0.38,0.38,0.38,0.38,0.38,0.39,0.39,0.39,0.39,0.39,0.39,0.39,0.39,0.39,0.39,0.39,0.39,0.39,0.39,0.39,0.39,0.39
299,0.0,0.07,0.24,0.31,0.41,0.45,0.48,0.51,0.52,0.52,0.52,0.54,0.54,0.54,0.55,0.55,0.56,0.56,0.57,0.58,0.59,0.59,0.59,0.59,0.59,0.6,0.61,0.61,0.62,0.62,0.62,0.62,0.63,0.63,0.63,0.63,0.63,0.63,0.63,0.63,0.64,0.65,0.66,0.66,0.67,0.67,0.67,0.67,0.67,0.67,0.67,0.67,0.67,0.67,0.67,0.67,0.67,0.67,0.67,0.67,0.67,0.67,0.67,0.67,0.67,0.67,0.67,0.67,0.67,0.67,0.67,0.68,0.68,0.68,0.68,0.68,0.68,0.68,0.68,0.68,0.68,0.68,0.68,0.68,0.68,0.68,0.68,0.68,0.68,0.68,0.68,0.68,0.68,0.68,0.68,0.68,0.68,0.68,0.68,0.68
